reference,token,trailer,Part of Speech,Person,Number,Tense,Mood,Voice,Gender,Case,Degree
0.1,Ἰγνάτιος,", ",Noun,,Singular,,,,Masculine,Nominative,
0.1,ὁ, ,Article,,Singular,,,,Masculine,Nominative,
0.1,καὶ, ,Adverb,,,,,,,,
0.1,Θεοφόρος,", ",Adjective,,Singular,,,,Masculine,Nominative,
0.1,ἐκκλησίᾳ, ,Noun,,Singular,,,,Feminine,Dative,
0.1,θεοῦ, ,Noun,,Singular,,,,Masculine,Genitive,
0.1,πατρὸς, ,Noun,,Singular,,,,Masculine,Genitive,
0.1,καὶ, ,Conjunction,,,,,,,,
0.1,τοῦ, ,Article,,Singular,,,,Masculine,Genitive,
0.1,ἠγαπημένου, ,Verb,,Singular,Perfect,Participle,Medio-passive,Masculine,Genitive,
0.1,Ἰησοῦ, ,Noun,,Singular,,,,Masculine,Genitive,
0.1,Χριστοῦ,", ",Noun,,Singular,,,,Masculine,Genitive,
0.1,ἠλεημένῃ, ,Verb,,Singular,Perfect,Participle,Medio-passive,Feminine,Dative,
0.1,ἐν, ,Adposition,,,,,,,,
0.1,παντὶ, ,Adjective,,Singular,,,,Neuter,Dative,
0.1,χαρίσματι,", ",Noun,,Singular,,,,Neuter,Dative,
0.1,πεπληρωμένῃ, ,Verb,,Singular,Perfect,Participle,Medio-passive,Feminine,Dative,
0.1,ἐν, ,Adposition,,,,,,,,
0.1,πίστει, ,Noun,,Singular,,,,Feminine,Dative,
0.1,καὶ, ,Conjunction,,,,,,,,
0.1,ἀγάπῃ,", ",Noun,,Singular,,,,Feminine,Dative,
0.1,ἀνυστερήτῳ, ,Adjective,,Singular,,,,Feminine,Dative,
0.1,οὔσῃ, ,Verb,,Singular,Present,Participle,Active,Feminine,Dative,
0.1,παντὸς, ,Adjective,,Singular,,,,Neuter,Genitive,
0.1,χαρίσματος,", ",Noun,,Singular,,,,Neuter,Genitive,
0.1,θεοπρεπεστάτῃ, ,Adjective,,Singular,,,,Feminine,Dative,Superlative
0.1,καὶ, ,Conjunction,,,,,,,,
0.1,ἁγιοφόρῳ,", ",Adjective,,Singular,,,,Feminine,Dative,
0.1,τῇ, ,Article,,Singular,,,,Feminine,Dative,
0.1,οὔσῃ, ,Verb,,Singular,Present,Participle,Active,Feminine,Dative,
0.1,ἐν, ,Adposition,,,,,,,,
0.1,Σμύρνῃ, ,Noun,,Singular,,,,Feminine,Dative,
0.1,τῆς, ,Article,,Singular,,,,Feminine,Genitive,
0.1,Ἀσίας,", ",Noun,,Singular,,,,Feminine,Genitive,
0.1,ἐν, ,Adposition,,,,,,,,
0.1,ἀμώμῳ, ,Adjective,,Singular,,,,Neuter,Dative,
0.1,πνεύματι, ,Noun,,Singular,,,,Neuter,Dative,
0.1,καὶ, ,Conjunction,,,,,,,,
0.1,λόγῳ, ,Noun,,Singular,,,,Masculine,Dative,
0.1,θεοῦ, ,Noun,,Singular,,,,Masculine,Genitive,
0.1,πλεῖστα, ,Adjective,,Plural,,,,Neuter,Accusative,
0.1,χαίρειν,. ,Verb,,,Present,Infinitive,Active,,,
0.1,Δοξάζω, ,Verb,First,Singular,Present,Indicative,Active,,,
1.1,Ἰησοῦν, ,Verb,,Singular,,Participle,Active,Masculine,Accusative,
1.1,Χριστὸν, ,Adjective,,Singular,,,,Masculine,Accusative,
1.1,τὸν, ,Article,,Singular,,,,Masculine,Accusative,
1.1,θεὸν, ,Noun,,Singular,,,,Masculine,Accusative,
1.1,τὸν, ,Article,,Singular,,,,Masculine,Accusative,
1.1,οὕτως, ,Adverb,,,,,,,,
1.1,ὑμᾶς, ,Pronoun,Second,Plural,,,,Masculine,Accusative,
1.1,σοφίσαντα,· ,Verb,,Singular,Aorist,Participle,Active,Masculine,Accusative,
1.1,ἐνόησα, ,Verb,First,Singular,Aorist,Indicative,Active,,,
1.1,γὰρ, ,Adverb,,,,,,,,
1.1,ὑμᾶς, ,Pronoun,Second,Plural,,,,Masculine,Accusative,
1.1,κατηρτισμένους, ,Verb,,Plural,Perfect,Participle,Medio-passive,Masculine,Accusative,
1.1,ἐν, ,Adposition,,,,,,,,
1.1,ἀκινήτῳ, ,Adjective,,Singular,,,,Feminine,Dative,
1.1,πίστει,", ",Noun,,Singular,,,,Feminine,Dative,
1.1,ὥσπερ, ,Conjunction,,,,,,,,
1.1,καθηλωμένους, ,Verb,,Plural,Perfect,Participle,Medio-passive,Masculine,Accusative,
1.1,ἐν, ,Adposition,,,,,,,,
1.1,τῷ, ,Article,,Singular,,,,Masculine,Dative,
1.1,σταυρῷ, ,Noun,,Singular,,,,Masculine,Dative,
1.1,τοῦ, ,Article,,Singular,,,,Masculine,Genitive,
1.1,κυρίου, ,Noun,,Singular,,,,Masculine,Genitive,
1.1,Ἰησοῦ, ,Noun,,Singular,,,,Masculine,Genitive,
1.1,Χριστοῦ, ,Adjective,,Singular,,,,Masculine,Genitive,
1.1,σαρκί, ,Noun,,Singular,,,,Feminine,Dative,
1.1,τε, ,Adverb,,,,,,,,
1.1,καὶ, ,Adverb,,,,,,,,
1.1,πνεύματι, ,Noun,,Singular,,,,Neuter,Dative,
1.1,καὶ, ,Conjunction,,,,,,,,
1.1,ἡδρασμένους, ,Verb,,Plural,Perfect,Participle,Medio-passive,Masculine,Accusative,
1.1,ἐν, ,Adposition,,,,,,,,
1.1,ἀγάπῃ, ,Noun,,Singular,,,,Feminine,Dative,
1.1,ἐν, ,Adposition,,,,,,,,
1.1,τῷ, ,Article,,Singular,,,,Neuter,Dative,
1.1,αἵματι, ,Noun,,Singular,,,,Neuter,Dative,
1.1,Χριστοῦ,", ",Adjective,,Singular,,,,Neuter,Genitive,
1.1,πεπληροφορημένους, ,Verb,,Plural,Perfect,Participle,Medio-passive,Masculine,Accusative,
1.1,εἰς, ,Adposition,,,,,,,,
1.1,τὸν, ,Article,,Singular,,,,Masculine,Accusative,
1.1,κύριον, ,Noun,,Singular,,,,Masculine,Accusative,
1.1,ἡμῶν,", ",Pronoun,First,Plural,,,,Masculine,Genitive,
1.1,ἀληθῶς, ,Adverb,,,,,,,,
1.1,ὄντα, ,Verb,,Singular,Present,Participle,Active,Masculine,Accusative,
1.1,ἐκ, ,Adposition,,,,,,,,
1.1,γένους, ,Noun,,Singular,,,,Neuter,Genitive,
1.1,Δαυεὶδ, ,Noun,,Singular,,,,Masculine,Accusative,
1.1,κατὰ, ,Adposition,,,,,,,,
1.1,σάρκα,", ",Noun,,Singular,,,,Feminine,Accusative,
1.1,υἱὸν, ,Noun,,Singular,,,,Masculine,Accusative,
1.1,θεοῦ, ,Noun,,Singular,,,,Masculine,Genitive,
1.1,κατὰ, ,Adposition,,,,,,,,
1.1,θέλημα, ,Noun,,Singular,,,,Neuter,Accusative,
1.1,καὶ, ,Conjunction,,,,,,,,
1.1,δύναμιν, ,Noun,,Singular,,,,Feminine,Accusative,
1.1,θεοῦ,", ",Noun,,Singular,,,,Masculine,Genitive,
1.1,γεγεννημένον, ,Verb,,Singular,Perfect,Participle,Medio-passive,Neuter,Accusative,
1.1,ἀληθῶς, ,Adverb,,,,,,,,
1.1,ἐκ, ,Adposition,,,,,,,,
1.1,παρθένου,", ",Noun,,Singular,,,,Feminine,Genitive,
1.1,βεβαπτισμένον, ,Verb,,Singular,Perfect,Participle,Medio-passive,Masculine,Accusative,
1.1,ὑπὸ, ,Adposition,,,,,,,,
1.1,Ἰωάννου,", ",Noun,,Singular,,,,Masculine,Genitive,
1.1,ἵνα, ,Conjunction,,,,,,,,
1.1,πληρωθῇ, ,Verb,Third,Singular,Aorist,Subjunctive,Passive,,,
1.1,πᾶσα, ,Adjective,,Singular,,,,Feminine,Nominative,
1.1,δικαιοσύνη, ,Noun,,Singular,,,,Feminine,Nominative,
1.1,ὑπ’, ,Adposition,,,,,,,,
1.1,αὐτοῦ,· ,Pronoun,,Singular,,,,Masculine,Genitive,
1.1,ἀληθῶς, ,Adverb,,,,,,,,
1.2,ἐπὶ, ,Adposition,,,,,,,,
1.2,Ποντίου, ,Adjective,,Singular,,,,Masculine,Genitive,
1.2,Πιλάτου, ,Noun,,Singular,,,,Masculine,Genitive,
1.2,καὶ, ,Conjunction,,,,,,,,
1.2,Ἡρώδου, ,Noun,,Singular,,,,Masculine,Genitive,
1.2,τετράρχου, ,Adjective,,Singular,,,,Masculine,Genitive,
1.2,καθηλωμένον, ,Verb,,Singular,Perfect,Participle,Medio-passive,Masculine,Accusative,
1.2,ὑπὲρ, ,Adposition,,,,,,,,
1.2,ἡμῶν, ,Pronoun,First,Plural,,,,Masculine,Genitive,
1.2,ἐν, ,Adposition,,,,,,,,
1.2,σαρκί,", ",Noun,,Singular,,,,Feminine,Dative,
1.2,ἀφ’, ,Adposition,,,,,,,,
1.2,οὗ, ,Pronoun,,Singular,,,,Neuter,Genitive,
1.2,καρποῦ, ,Noun,,Singular,,,,Masculine,Genitive,
1.2,ἡμεῖς, ,Pronoun,First,Plural,,,,Masculine,Nominative,
1.2,ἀπὸ, ,Adposition,,,,,,,,
1.2,τοῦ, ,Article,,Singular,,,,Neuter,Genitive,
1.2,θεομακαρίστου, ,Adjective,,Singular,,,,Neuter,Genitive,
1.2,αὐτοῦ, ,Pronoun,,Singular,,,,Neuter,Genitive,
1.2,πάθους,", ",Noun,,Singular,,,,Neuter,Genitive,
1.2,ἵνα, ,Conjunction,,,,,,,,
1.2,ἄρῃ, ,Verb,Second,Singular,Aorist,Subjunctive,Active,,Dative,
1.2,σύσσημον, ,Noun,,Singular,,,,Neuter,Accusative,
1.2,εἰς, ,Adposition,,,,,,,,
1.2,τοὺς, ,Article,,Plural,,,,Masculine,Accusative,
1.2,αἰῶνας, ,Noun,,Plural,,,,Masculine,Accusative,
1.2,διὰ, ,Adposition,,,,,,,,
1.2,τῆς, ,Article,,Singular,,,,Feminine,Genitive,
1.2,ἀναστάσεως, ,Noun,,Singular,,,,Feminine,Genitive,
1.2,εἰς, ,Adposition,,,,,,,,
1.2,τοὺς, ,Article,,Plural,,,,Masculine,Accusative,
1.2,ἁγίους, ,Adjective,,Plural,,,,Masculine,Accusative,
1.2,καὶ, ,Conjunction,,,,,,,,
1.2,πιστοὺς, ,Adjective,,Plural,,,,Masculine,Accusative,
1.2,αὐτοῦ,", ",Pronoun,,Singular,,,,Masculine,Genitive,
1.2,εἴτε, ,Conjunction,,,,,,,,
1.2,ἐν, ,Adposition,,,,,,,,
1.2,Ἰουδαίοις, ,Noun,,Plural,,,,Masculine,Dative,
1.2,εἴτε, ,Conjunction,,,,,,,,
1.2,ἐν, ,Adposition,,,,,,,,
1.2,ἔθνεσιν,", ",Noun,,Plural,,,,Neuter,Dative,
1.2,ἐν, ,Adposition,,,,,,,,
1.2,ἑνὶ, ,Noun,,Singular,,,,Neuter,Dative,
1.2,σώματι, ,Noun,,Singular,,,,Neuter,Dative,
1.2,τῆς, ,Article,,Singular,,,,Feminine,Genitive,
1.2,ἐκκλησίας, ,Noun,,Singular,,,,Feminine,Genitive,
1.2,αὐτοῦ,. ,Pronoun,,Singular,,,,Masculine,Genitive,
1.2,Ταῦτα, ,Pronoun,,Plural,,,,Neuter,Nominative,
2.1,γὰρ, ,Adverb,,,,,,,,
2.1,πάντα, ,Adjective,,Plural,,,,Neuter,Nominative,
2.1,ἔπαθεν, ,Verb,Third,Singular,Aorist,Indicative,Active,,,
2.1,δι’, ,Adposition,,,,,,,,
2.1,ἡμᾶς,", ",Pronoun,First,Plural,,,,Masculine,Accusative,
2.1,ἵνα, ,Conjunction,,,,,,,,
2.1,σωθῶμεν,· ,Verb,First,Plural,Aorist,Subjunctive,Passive,,,
2.1,καὶ, ,Adverb,,,,,,,,
2.1,ἀληθῶς, ,Adverb,,,,,,,,
2.1,ἔπαθεν,", ",Verb,Third,Singular,Aorist,Indicative,Active,,,
2.1,ὡς, ,Conjunction,,,,,,,,
2.1,καὶ, ,Adverb,,,,,,,,
2.1,ἀληθῶς, ,Adverb,,,,,,,,
2.1,ἀνέστησεν, ,Verb,Third,Singular,Aorist,Indicative,Active,,,
2.1,ἑαυτόν,", ",Pronoun,,Singular,,,,Masculine,Accusative,
2.1,οὐχ, ,Adverb,,,,,,,,
2.1,ὥσπερ, ,Conjunction,,,,,,,,
2.1,ἄπιστοί, ,Adjective,,Plural,,,,Masculine,Nominative,
2.1,τινες, ,Pronoun,,Plural,,,,Masculine,Nominative,
2.1,λέγουσιν,", ",Verb,Third,Plural,Present,Indicative,Active,,,
2.1,τὸ, ,Article,,Singular,,,,Neuter,Accusative,
2.1,δοκεῖν, ,Verb,,,Present,Infinitive,Active,,,
2.1,αὐτὸν, ,Pronoun,,Singular,,,,Masculine,Accusative,
2.1,πεπονθέναι,", ",Verb,,,Perfect,Infinitive,Active,,,
2.1,αὐτοὶ, ,Pronoun,,Plural,,,,Masculine,Nominative,
2.1,τὸ, ,Article,,Singular,,,,Neuter,Accusative,
2.1,δοκεῖν, ,Verb,,,Present,Infinitive,Active,,,
2.1,ὄντες,· ,Verb,,Plural,Present,Participle,Active,Masculine,Nominative,
2.1,καὶ, ,Adverb,,,,,,,,
2.1,καθὼς, ,Noun,,Plural,,,,Masculine,Nominative,
2.1,φρονοῦσιν,", ",Verb,Third,Plural,Present,Indicative,Active,,,
2.1,καὶ, ,Conjunction,,,,,,,,
2.1,συμβήσεται, ,Verb,Third,Singular,Future,Indicative,Middle,,,
2.1,αὐτοῖς,", ",Pronoun,,Plural,,,,Masculine,Dative,
2.1,οὖσιν, ,Verb,,Plural,Present,Participle,Active,Neuter,Dative,
2.1,ἀσωμάτοις, ,Noun,,Plural,,,,Neuter,Dative,
2.1,καὶ, ,Conjunction,,,,,,,,
2.1,δαιμονικοῖς,. ,Adjective,,Plural,,,,Neuter,Dative,
2.1,Ἐγὼ, ,Pronoun,First,Singular,,,,Masculine,Nominative,
2.1,γὰρ, ,Adverb,,,,,,,,
3.1,καὶ, ,Adverb,,,,,,,,
3.1,μετὰ, ,Adposition,,,,,,,,
3.1,τὴν, ,Article,,Singular,,,,Feminine,Accusative,
3.1,ἀνάστασιν, ,Noun,,Singular,,,,Feminine,Accusative,
3.1,ἐν, ,Adposition,,,,,,,,
3.1,σαρκὶ, ,Noun,,Singular,,,,Feminine,Dative,
3.1,αὐτὸν, ,Pronoun,,Singular,,,,Masculine,Accusative,
3.1,οἶδα, ,Verb,First,Singular,Perfect,Indicative,Active,,,
3.1,καὶ, ,Conjunction,,,,,,,,
3.1,πιστεύω, ,Verb,First,Singular,Present,Indicative,Active,,,
3.1,ὄντα,. ,Verb,,Singular,Present,Participle,Active,Masculine,Accusative,
3.1,καὶ, ,Adverb,,,,,,,,
3.1,ὅτε, ,Conjunction,,,,,,,,
3.2,πρὸς, ,Adposition,,,,,,,,
3.2,τοὺς, ,Article,,Plural,,,,Masculine,Accusative,
3.2,περὶ, ,Adposition,,,,,,,,
3.2,Πέτρον, ,Noun,,Singular,,,,Masculine,Accusative,
3.2,ἦλθεν,", ",Verb,Third,Singular,Aorist,Indicative,Active,,,
3.2,ἔφη, ,Verb,Third,Singular,Imperfect,Indicative,Active,,,
3.2,αὐτοῖς,· ,Pronoun,,Plural,,,,Masculine,Dative,
3.2,Λάβετε,", ",Verb,Second,Plural,Aorist,Imperative,Active,,,
3.2,ψηλαφήσατέ, ,Verb,Second,Plural,Aorist,Imperative,Active,,,
3.2,με, ,Pronoun,First,Singular,,,,Masculine,Accusative,
3.2,καὶ, ,Adverb,,,,,,,,
3.2,ἴδετε,", ",Verb,Second,Plural,Aorist,Imperative,Active,,,
3.2,ὅτι, ,Conjunction,,,,,,,,
3.2,οὐκ, ,Adverb,,,,,,,,
3.2,εἰμὶ, ,Verb,First,Singular,Present,Indicative,Active,,,
3.2,δαιμόνιον, ,Noun,,Singular,,,,Neuter,Nominative,
3.2,ἀσώματον,. ,Adjective,,Singular,,,,Neuter,Nominative,
3.2,καὶ, ,Adverb,,,,,,,,
3.2,εὐθὺς, ,Adverb,,,,,,,,
3.2,αὐτοῦ, ,Pronoun,,Singular,,,,Masculine,Genitive,
3.2,ἥψαντο, ,Verb,Third,Plural,Aorist,Indicative,Middle,,,
3.2,καὶ, ,Conjunction,,,,,,,,
3.2,ἐπίστευσαν,", ",Verb,Third,Plural,Aorist,Indicative,Active,,,
3.2,κραθέντες, ,Verb,,Plural,Aorist,Participle,Passive,Masculine,Nominative,
3.2,τῇ, ,Article,,Singular,,,,Feminine,Dative,
3.2,σαρκὶ, ,Noun,,Singular,,,,Feminine,Dative,
3.2,αὐτοῦ, ,Pronoun,,Singular,,,,Masculine,Genitive,
3.2,καὶ, ,Conjunction,,,,,,,,
3.2,τῷ, ,Article,,Singular,,,,Neuter,Dative,
3.2,πνεύματι,. ,Noun,,Singular,,,,Neuter,Dative,
3.2,διὰ, ,Adposition,,,,,,,,
3.2,τοῦτο, ,Pronoun,,Singular,,,,Neuter,Accusative,
3.2,καὶ, ,Adverb,,,,,,,,
3.2,θανάτου, ,Noun,,Singular,,,,Masculine,Genitive,
3.2,κατεφρόνησαν,", ",Verb,Third,Plural,Aorist,Indicative,Active,,,
3.2,ηὑρέθησαν, ,Verb,Third,Plural,Aorist,Indicative,Passive,,,
3.2,δὲ, ,Conjunction,,,,,,,,
3.2,ὑπὲρ, ,Adposition,,,,,,,,
3.2,θάνατον,. ,Noun,,Singular,,,,Masculine,Accusative,
3.2,μετὰ, ,Adposition,,,,,,,,
3.2,δὲ, ,Adverb,,,,,,,,
3.3,τὴν, ,Article,,Singular,,,,Feminine,Accusative,
3.3,ἀνάστασιν, ,Noun,,Singular,,,,Feminine,Accusative,
3.3,συνέφαγεν, ,Verb,Third,Singular,Aorist,Indicative,Active,,,
3.3,αὐτοῖς, ,Pronoun,,Plural,,,,Masculine,Dative,
3.3,καὶ, ,Conjunction,,,,,,,,
3.3,συνέπιεν, ,Verb,Third,Singular,Imperfect,Indicative,Active,,,
3.3,ὡς, ,Adverb,,,,,,,,
3.3,σαρκικός,", ",Adjective,,Singular,,,,Masculine,Nominative,
3.3,καίπερ, ,Adverb,,,,,,,,
3.3,πνευματικῶς, ,Adverb,,,,,,,,
3.3,ἡνωμένος, ,Verb,,Singular,Perfect,Participle,Medio-passive,Masculine,Nominative,
3.3,τῷ, ,Article,,Singular,,,,Masculine,Dative,
3.3,πατρί,. ,Noun,,Singular,,,,Masculine,Dative,
3.3,Ταῦτα, ,Pronoun,,Plural,,,,Neuter,Accusative,
3.3,δὲ, ,Adverb,,,,,,,,
4.1,παραινῶ, ,Verb,First,Singular,Present,Indicative,Active,,,
4.1,ὑμῖν,", ",Pronoun,,Plural,,,,Masculine,Dative,
4.1,ἀγαπητοί,", ",Adjective,,Plural,,,,Masculine,Vocative,
4.1,εἰδὼς, ,Verb,,Singular,Perfect,Participle,Active,Masculine,Nominative,
4.1,ὅτι, ,Conjunction,,,,,,,,
4.1,καὶ, ,Adverb,,,,,,,,
4.1,ὑμεῖς, ,Pronoun,Second,Plural,,,,Masculine,Nominative,
4.1,οὕτως, ,Adverb,,,,,,,,
4.1,ἔχετε,. ,Verb,Second,Plural,Present,Indicative,Active,,,
4.1,προφυλάσσω, ,Verb,First,Singular,Present,Indicative,Active,,,
4.1,δὲ, ,Adverb,,,,,,,,
4.1,ὑμᾶς, ,Pronoun,Second,Plural,,,,Masculine,Accusative,
4.1,ἀπὸ, ,Adposition,,,,,,,,
4.1,τῶν, ,Article,,Plural,,,,Neuter,Genitive,
4.1,θηρίων, ,Noun,,Plural,,,,Neuter,Genitive,
4.1,τῶν, ,Article,,Plural,,,,Neuter,Genitive,
4.1,ἀνθρωπομόρφων,", ",Adjective,,Plural,,,,Neuter,Genitive,
4.1,οὓς, ,Pronoun,,Plural,,,,Masculine,Accusative,
4.1,οὐ, ,Adverb,,,,,,,,
4.1,μόνον, ,Adjective,,Singular,,,,Neuter,Accusative,
4.1,δεῖ, ,Verb,Third,Singular,Present,Indicative,Active,,,
4.1,ὑμᾶς, ,Pronoun,Second,Plural,,,,Masculine,Accusative,
4.1,μὴ, ,Adverb,,,,,,,,
4.1,παραδέχεσθαι,", ",Verb,,,Present,Infinitive,Medio-passive,,,
4.1,ἀλλ’, ,Conjunction,,,,,,,,
4.1,εἰ, ,Conjunction,,,,,,,,
4.1,δυνατὸν, ,Adjective,,Singular,,,,Neuter,Accusative,
4.1,μηδὲ, ,Adverb,,,,,,,,
4.1,συναντᾶν,", ",Verb,,,Present,Infinitive,Active,,,
4.1,μόνον, ,Adjective,,Singular,,,,Neuter,Accusative,
4.1,δὲ, ,Conjunction,,,,,,,,
4.1,προσεύχεσθε, ,Verb,Second,Plural,Present,Indicative,Medio-passive,,,
4.1,ὑπὲρ, ,Adposition,,,,,,,,
4.1,αὐτῶν,", ",Pronoun,,Plural,,,,Masculine,Genitive,
4.1,ἐάν, ,Conjunction,,,,,,,,
4.1,πως, ,Adverb,,,,,,,,
4.1,μετανοήσωσιν,", ",Verb,Third,Plural,Aorist,Subjunctive,Active,,,
4.1,ὅπερ, ,Pronoun,,Singular,,,,Neuter,Accusative,
4.1,δύσκολον,", ",Adjective,,Singular,,,,Neuter,Accusative,
4.1,τούτου, ,Pronoun,,Singular,,,,Neuter,Genitive,
4.1,δὲ, ,Conjunction,,,,,,,,
4.1,ἔχει, ,Verb,Third,Singular,Present,Indicative,Active,,,
4.1,ἐξουσίαν, ,Noun,,Singular,,,,Feminine,Accusative,
4.1,Ἰησοῦς, ,Noun,,Singular,,,,Masculine,Nominative,
4.1,Χριστός,", ",Adjective,,Singular,,,,Masculine,Nominative,
4.1,τὸ, ,Article,,Singular,,,,Neuter,Accusative,
4.1,ἀληθινὸν, ,Adjective,,Singular,,,,Neuter,Accusative,
4.1,ἡμῶν, ,Pronoun,First,Plural,,,,Masculine,Genitive,
4.1,ζῆν,. ,Verb,,,Present,Infinitive,Active,,,
4.1,εἰ, ,Conjunction,,,,,,,,
4.1,γὰρ, ,Adverb,,,,,,,,
4.1,τὸ, ,Article,,Singular,,,,Neuter,Nominative,
4.1,δοκεῖν, ,Verb,,,Present,Infinitive,Active,,,
4.2,ταῦτα, ,Pronoun,,Plural,,,,Neuter,Nominative,
4.2,ἐπράχθη, ,Verb,Third,Singular,Aorist,Indicative,Passive,,,
4.2,ὑπὸ, ,Adposition,,,,,,,,
4.2,τοῦ, ,Article,,Singular,,,,Masculine,Genitive,
4.2,κυρίου, ,Noun,,Singular,,,,Masculine,Genitive,
4.2,ἡμῶν,", ",Pronoun,First,Plural,,,,Masculine,Genitive,
4.2,κἀγὼ, ,Pronoun,First,Singular,,,,Masculine,Nominative,
4.2,τὸ, ,Article,,Singular,,,,Neuter,Accusative,
4.2,δοκεῖν, ,Verb,,,Present,Infinitive,Active,,,
4.2,δέδεμαι,. ,Verb,First,Singular,Perfect,Indicative,Medio-passive,,,
4.2,τί, ,Pronoun,,Singular,,,,Neuter,Accusative,
4.2,δὲ, ,Adverb,,,,,,,,
4.2,καὶ, ,Adverb,,,,,,,,
4.2,ἑαυτὸν, ,Pronoun,,Singular,,,,Masculine,Accusative,
4.2,ἔκδοτον, ,Adjective,,Singular,,,,Masculine,Accusative,
4.2,δέδωκα, ,Verb,First,Singular,Perfect,Indicative,Active,,,
4.2,τῷ, ,Article,,Singular,,,,Masculine,Dative,
4.2,θανάτῳ,", ",Noun,,Singular,,,,Masculine,Dative,
4.2,πρὸς, ,Adposition,,,,,,,,
4.2,πῦρ,", ",Noun,,Singular,,,,Neuter,Accusative,
4.2,πρὸς, ,Adposition,,,,,,,,
4.2,μάχαιραν,", ",Noun,,Singular,,,,Feminine,Accusative,
4.2,πρὸς, ,Adposition,,,,,,,,
4.2,θηρία,; ,Noun,,Plural,,,,Neuter,Accusative,
4.2,ἀλλ’, ,Adverb,,,,,,,,
4.2,ἐγγὺς, ,Adverb,,,,,,,,
4.2,μαχαίρας, ,Noun,,Plural,,,,Feminine,Genitive,
4.2,ἐγγὺς, ,Adverb,,,,,,,,
4.2,θεοῦ,", ",Noun,,Singular,,,,Masculine,Genitive,
4.2,μεταξὺ, ,Adposition,,,,,,,,
4.2,θηρίων, ,Noun,,Plural,,,,Neuter,Genitive,
4.2,μεταξὺ, ,Adposition,,,,,,,,
4.2,θεοῦ,· ,Noun,,Singular,,,,Masculine,Genitive,
4.2,μόνον, ,Adjective,,Singular,,,,Neuter,Nominative,
4.2,ἐν, ,Adposition,,,,,,,,
4.2,τῷ, ,Article,,Singular,,,,Neuter,Dative,
4.2,ὀνόματι, ,Noun,,Singular,,,,Neuter,Dative,
4.2,Ἰησοῦ, ,Noun,,Singular,,,,Neuter,Genitive,
4.2,Χριστοῦ, ,Adjective,,Singular,,,,Neuter,Genitive,
4.2,εἰς, ,Adposition,,,,,,,,
4.2,τὸ, ,Article,,Singular,,,,Neuter,Accusative,
4.2,συμπαθεῖν, ,Verb,,,Aorist,Infinitive,Active,,,
4.2,αὐτῷ, ,Pronoun,,Singular,,,,Masculine,Dative,
4.2,πάντα, ,Adjective,,Plural,,,,Neuter,Accusative,
4.2,ὑπομένω,", ",Verb,First,Singular,Present,Indicative,Medio-passive,,,
4.2,αὐτοῦ, ,Pronoun,,Singular,,,,Masculine,Genitive,
4.2,με, ,Pronoun,First,Singular,,,,Masculine,Accusative,
4.2,ἐνδυναμοῦντος, ,Verb,,Singular,Present,Participle,Active,Masculine,Genitive,
4.2,τοῦ, ,Article,,Singular,,,,Masculine,Genitive,
4.2,τελείου, ,Adjective,,Singular,,,,Masculine,Genitive,
4.2,ἀνθρώπου,. ,Noun,,Singular,,,,Masculine,Genitive,
4.2,Ὅν, ,Pronoun,,Singular,,,,Masculine,Accusative,
4.2,τινες, ,Pronoun,,Plural,,,,Masculine,Nominative,
4.2,ἀγνοοῦντες, ,Verb,,Plural,Present,Participle,Active,Masculine,Nominative,
5.1,ἀρνοῦνται,", ",Verb,Third,Plural,Present,Indicative,Medio-passive,,,
5.1,μᾶλλον, ,Adverb,,,,,,,,
5.1,δὲ, ,Conjunction,,,,,,,,
5.1,ἠρνήθησαν, ,Verb,Third,Plural,Aorist,Indicative,Passive,,,
5.1,ὑπ’, ,Adposition,,,,,,,,
5.1,αὐτοῦ,", ",Pronoun,,Singular,,,,Masculine,Genitive,
5.1,ὄντες, ,Verb,,Plural,Present,Participle,Active,Masculine,Nominative,
5.1,συνήγοροι, ,Adjective,,Plural,,,,Masculine,Nominative,
5.1,τοῦ, ,Article,,Singular,,,,Masculine,Genitive,
5.1,θανάτου, ,Noun,,Singular,,,,Masculine,Genitive,
5.1,μᾶλλον, ,Adverb,,,,,,,,
5.1,ἢ, ,Conjunction,,,,,,,,
5.1,τῆς, ,Article,,Singular,,,,Feminine,Genitive,
5.1,ἀληθείας,· ,Noun,,Singular,,,,Feminine,Genitive,
5.1,οὓς, ,Pronoun,,Plural,,,,Masculine,Accusative,
5.1,οὐκ, ,Adverb,,,,,,,,
5.1,ἔπεισαν, ,Verb,Third,Plural,Aorist,Indicative,Active,,,
5.1,αἱ, ,Article,,Plural,,,,Feminine,Nominative,
5.1,προφητεῖαι, ,Noun,,Plural,,,,Feminine,Nominative,
5.1,οὐδὲ, ,Conjunction,,,,,,,,
5.1,ὁ, ,Article,,Singular,,,,Masculine,Nominative,
5.1,νόμος, ,Noun,,Singular,,,,Masculine,Nominative,
5.1,Μωύσεως,", ",Noun,,Singular,,,,Feminine,Genitive,
5.1,ἀλλ’, ,Conjunction,,,,,,,,
5.1,οὐδὲ, ,Adverb,,,,,,,,
5.1,μέχρι, ,Adverb,,,,,,,,
5.1,νῦν, ,Adverb,,,,,,,,
5.1,τὸ, ,Article,,Singular,,,,Neuter,Nominative,
5.1,εὐαγγέλιον,", ",Noun,,Singular,,,,Neuter,Accusative,
5.1,οὐδὲ, ,Conjunction,,,,,,,,
5.1,τὰ, ,Article,,Plural,,,,Neuter,Nominative,
5.1,ἡμέτερα, ,Adjective,,Plural,,,,Neuter,Nominative,
5.1,τῶν, ,Article,,Plural,,,,Neuter,Genitive,
5.1,κατ’, ,Adposition,,,,,,,,
5.1,ἄνδρα, ,Noun,,Singular,,,,Masculine,Accusative,
5.1,παθήματα,. ,Noun,,Plural,,,,Neuter,Accusative,
5.1,καὶ, ,Adverb,,,,,,,,
5.1,γὰρ, ,Adverb,,,,,,,,
5.1,περὶ, ,Adposition,,,,,,,,
5.2,ἡμῶν, ,Pronoun,First,Plural,,,,Masculine,Genitive,
5.2,τὸ, ,Article,,Singular,,,,Neuter,Accusative,
5.2,αὐτὸ, ,Pronoun,,Singular,,,,Neuter,Accusative,
5.2,φρονοῦσιν,. ,Verb,Third,Plural,Present,Indicative,Active,,,
5.2,τί, ,Pronoun,,Singular,,,,Neuter,Accusative,
5.2,γάρ, ,Adverb,,,,,,,,
5.2,με, ,Pronoun,First,Singular,,,,Masculine,Accusative,
5.2,ὠφελεῖ, ,Verb,Third,Singular,Present,Indicative,Active,,,
5.2,τις,", ",Pronoun,,Singular,,,,Masculine,Nominative,
5.2,εἰ, ,Conjunction,,,,,,,,
5.2,ἐμὲ, ,Pronoun,First,Singular,,,,Masculine,Accusative,
5.2,ἐπαινεῖ,", ",Verb,Third,Singular,Present,Indicative,Active,,,
5.2,τὸν, ,Article,,Singular,,,,Masculine,Accusative,
5.2,δὲ, ,Conjunction,,,,,,,,
5.2,κύριόν, ,Noun,,Singular,,,,Masculine,Accusative,
5.2,μου, ,Pronoun,First,Singular,,,,Masculine,Genitive,
5.2,βλασφημεῖ,", ",Verb,Third,Singular,Present,Indicative,Active,,,
5.2,μὴ, ,Adverb,,,,,,,,
5.2,ὁμολογῶν, ,Verb,,Singular,Present,Participle,Active,Masculine,Nominative,
5.2,αὐτὸν, ,Pronoun,,Singular,,,,Masculine,Accusative,
5.2,σαρκοφόρον,; ,Noun,,Singular,,,,Masculine,Accusative,
5.2,ὁ, ,Article,,Singular,,,,Masculine,Nominative,
5.2,δὲ, ,Adverb,,,,,,,,
5.2,τοῦτο, ,Pronoun,,Singular,,,,Neuter,Accusative,
5.2,λέγων, ,Verb,,Singular,Present,Participle,Active,Masculine,Nominative,
5.2,τελείως, ,Adverb,,,,,,,,
5.2,αὐτὸν, ,Pronoun,,Singular,,,,Masculine,Accusative,
5.2,ἀπήρνηται,", ",Verb,Third,Singular,Perfect,Indicative,Medio-passive,,,
5.2,ὢν, ,Verb,,Singular,Present,Participle,Active,Masculine,Nominative,
5.2,νεκροφόρος,. ,Adjective,,Singular,,,,Masculine,Nominative,
5.2,τὰ, ,Article,,Plural,,,,Neuter,Nominative,
5.2,δὲ, ,Adverb,,,,,,,,
5.2,ὀνόματα, ,Noun,,Plural,,,,Neuter,Nominative,
5.3,αὐτῶν,", ",Pronoun,,Plural,,,,Masculine,Genitive,
5.3,ὄντα, ,Verb,,Plural,Present,Participle,Active,Neuter,Nominative,
5.3,ἄπιστα,", ",Adjective,,Plural,,,,Neuter,Nominative,
5.3,οὐκ, ,Adverb,,,,,,,,
5.3,ἔδοξέν, ,Verb,Third,Singular,Aorist,Indicative,Active,,,
5.3,μοι, ,Pronoun,First,Singular,,,,Masculine,Dative,
5.3,ἐγγράψαι,. ,Verb,,,Aorist,Infinitive,Active,,,
5.3,ἀλλὰ, ,Adverb,,,,,,,,
5.3,μηδὲ, ,Adverb,,,,,,,,
5.3,γένοιτό, ,Verb,Third,Singular,Aorist,Optative,Middle,,,
5.3,μοι, ,Pronoun,First,Singular,,,,Masculine,Dative,
5.3,αὐτῶν, ,Pronoun,,Plural,,,,Masculine,Genitive,
5.3,μνημονεύειν,", ",Verb,,,Present,Infinitive,Active,,,
5.3,μέχρις, ,Adposition,,,,,,,,
5.3,οὗ, ,Pronoun,,Singular,,,,Neuter,Genitive,
5.3,μετανοήσωσιν, ,Verb,Third,Plural,Aorist,Subjunctive,Active,,,
5.3,εἰς, ,Adposition,,,,,,,,
5.3,τὸ, ,Article,,Singular,,,,Neuter,Accusative,
5.3,πάθος,", ",Noun,,Singular,,,,Neuter,Accusative,
5.3,ὅ, ,Pronoun,,Singular,,,,Neuter,Nominative,
5.3,ἐστιν, ,Verb,Third,Singular,Present,Indicative,Active,,,
5.3,ἡμῶν, ,Pronoun,First,Plural,,,,Masculine,Genitive,
5.3,ἀνάστασις,. ,Noun,,Singular,,,,Feminine,Nominative,
5.3,Μηδεὶς, ,Pronoun,,Singular,,,,Masculine,Nominative,
5.3,πλανάσθω,· ,Verb,Third,Singular,Present,Imperative,Medio-passive,,,
6.1,καὶ, ,Adverb,,,,,,,,
6.1,τὰ, ,Article,,Plural,,,,Neuter,Accusative,
6.1,ἐπουράνια, ,Noun,,Plural,,,,Neuter,Nominative,
6.1,καὶ, ,Conjunction,,,,,,,,
6.1,ἡ, ,Article,,Singular,,,,Feminine,Nominative,
6.1,δόξα, ,Noun,,Singular,,,,Feminine,Nominative,
6.1,τῶν, ,Article,,Plural,,,,Masculine,Genitive,
6.1,ἀγγέλων, ,Noun,,Plural,,,,Masculine,Genitive,
6.1,καὶ, ,Conjunction,,,,,,,,
6.1,οἱ, ,Article,,Plural,,,,Masculine,Nominative,
6.1,ἄρχοντες, ,Noun,,Plural,,Participle,,Masculine,Nominative,
6.1,ὁρατοί, ,Adjective,,Plural,,,,Masculine,Nominative,
6.1,τε, ,Adverb,,,,,,,,
6.1,καὶ, ,Conjunction,,,,,,,,
6.1,ἀόρατοι,", ",Adjective,,Plural,,,,Masculine,Nominative,
6.1,ἐὰν, ,Conjunction,,,,,,,,
6.1,μὴ, ,Adverb,,,,,,,,
6.1,πιστεύσωσιν, ,Verb,Third,Plural,Aorist,Subjunctive,Active,,,
6.1,εἰς, ,Adposition,,,,,,,,
6.1,τὸ, ,Article,,Singular,,,,Neuter,Accusative,
6.1,αἷμα, ,Noun,,Singular,,,,Neuter,Accusative,
6.1,Χριστοῦ,", ",Adjective,,Singular,,,,Neuter,Genitive,
6.1,κἀκείνοις, ,Pronoun,,Plural,,,,Masculine,Dative,
6.1,κρίσις, ,Noun,,Singular,,,,Feminine,Nominative,
6.1,ἐστίν,· ,Verb,Third,Singular,Present,Indicative,Active,,,
6.1,ὁ, ,Article,,Singular,,,,Masculine,Nominative,
6.1,χωρῶν, ,Noun,,Singular,,Participle,,Masculine,Genitive,
6.1,χωρείτω,. ,Verb,Third,Singular,Present,Imperative,Active,,,
6.1,τόπος, ,Noun,,Singular,,,,Masculine,Nominative,
6.1,μηδένα, ,Adjective,,Singular,,,,Masculine,Accusative,
6.1,φυσιούτω,· ,Verb,Third,Singular,Present,Imperative,Active,,,
6.1,τὸ, ,Article,,Singular,,,,Neuter,Nominative,
6.1,γὰρ, ,Adverb,,,,,,,,
6.1,ὅλον, ,Adjective,,Singular,,,,Neuter,Nominative,
6.1,ἐστὶν, ,Verb,Third,Singular,Present,Indicative,Active,,,
6.1,πίστις, ,Noun,,Singular,,,,Feminine,Nominative,
6.1,καὶ, ,Conjunction,,,,,,,,
6.1,ἀγάπη,", ",Noun,,Singular,,,,Feminine,Nominative,
6.1,ὧν, ,Pronoun,,Plural,,,,Neuter,Genitive,
6.1,οὐδὲν, ,Pronoun,,Singular,,,,Neuter,Nominative,
6.1,προκέκριται,. ,Verb,Third,Singular,Perfect,Indicative,Medio-passive,,,
6.1,καταμάθετε, ,Verb,Second,Plural,Aorist,Indicative,Active,,,
6.1,δὲ, ,Adverb,,,,,,,,
6.1,τοὺς, ,Article,,Plural,,,,Masculine,Accusative,
6.2,ἑτεροδοξοῦντας, ,Verb,,Plural,Present,Participle,Active,Masculine,Accusative,
6.2,εἰς, ,Adposition,,,,,,,,
6.2,τὴν, ,Article,,Singular,,,,Feminine,Accusative,
6.2,χάριν, ,Noun,,Singular,,,,Feminine,Accusative,
6.2,Ἰησοῦ, ,Noun,,Singular,,,,Masculine,Genitive,
6.2,Χριστοῦ, ,Adjective,,Singular,,,,Masculine,Genitive,
6.2,τὴν, ,Article,,Singular,,,,Feminine,Accusative,
6.2,εἰς, ,Adposition,,,,,,,,
6.2,ἡμᾶς, ,Pronoun,First,Plural,,,,Masculine,Accusative,
6.2,ἐλθοῦσαν,", ",Verb,,Singular,Aorist,Participle,Active,Feminine,Accusative,
6.2,πῶς, ,Adverb,,,,,,,,
6.2,ἐναντίοι, ,Adjective,,Plural,,,,Masculine,Nominative,
6.2,εἰσὶν, ,Verb,Third,Plural,Present,Indicative,Active,,,
6.2,τῇ, ,Article,,Singular,,,,Feminine,Dative,
6.2,γνώμῃ, ,Noun,,Singular,,,,Feminine,Dative,
6.2,τοῦ, ,Article,,Singular,,,,Masculine,Genitive,
6.2,θεοῦ,. ,Noun,,Singular,,,,Masculine,Genitive,
6.2,περὶ, ,Adposition,,,,,,,,
6.2,ἀγάπης, ,Noun,,Singular,,,,Feminine,Genitive,
6.2,οὐ, ,Adverb,,,,,,,,
6.2,μέλει, ,Verb,Third,Singular,Present,Indicative,Active,,,
6.2,αὐτοῖς,", ",Pronoun,,Plural,,,,Masculine,Dative,
6.2,οὐ, ,Adverb,,,,,,,,
6.2,περὶ, ,Adposition,,,,,,,,
6.2,χήρας,", ",Noun,,Singular,,,,Feminine,Genitive,
6.2,οὐ, ,Adverb,,,,,,,,
6.2,περὶ, ,Adposition,,,,,,,,
6.2,ὀρφανοῦ,", ",Noun,,Singular,,,,Masculine,Genitive,
6.2,οὐ, ,Adverb,,,,,,,,
6.2,περὶ, ,Adposition,,,,,,,,
6.2,θλιβομένου,", ",Verb,,Singular,Present,Participle,Medio-passive,Masculine,Genitive,
6.2,οὐ, ,Adverb,,,,,,,,
6.2,περὶ, ,Adposition,,,,,,,,
6.2,δεδεμένου, ,Verb,,Singular,Perfect,Participle,Medio-passive,Masculine,Genitive,
6.2,ἢ, ,Conjunction,,,,,,,,
6.2,λελυμένου,", ",Verb,,Singular,Perfect,Participle,Medio-passive,Masculine,Genitive,
6.2,οὐ, ,Adverb,,,,,,,,
6.2,περὶ, ,Adposition,,,,,,,,
6.2,πεινῶντος, ,Verb,,Singular,Present,Participle,Active,Masculine,Genitive,
6.2,ἢ, ,Conjunction,,,,,,,,
6.2,διψῶντος,. ,Verb,,Singular,Present,Participle,Active,Masculine,Genitive,
6.2,Εὐχαριστίας, ,Noun,,Singular,,,,Feminine,Genitive,
6.2,καὶ, ,Conjunction,,,,,,,,
7.1,προσευχῆς, ,Noun,,Singular,,,,Feminine,Genitive,
7.1,ἀπέχονται,", ",Verb,Third,Plural,Present,Indicative,Medio-passive,,,
7.1,διὰ, ,Adposition,,,,,,,,
7.1,τὸ, ,Article,,Singular,,,,Neuter,Accusative,
7.1,μὴ, ,Adverb,,,,,,,,
7.1,ὁμολογεῖν, ,Verb,,,Present,Infinitive,Active,,,
7.1,τὴν, ,Article,,Singular,,,,Feminine,Accusative,
7.1,εὐχαριστίαν, ,Noun,,Singular,,,,Feminine,Accusative,
7.1,σάρκα, ,Noun,,Singular,,,,Feminine,Accusative,
7.1,εἶναι, ,Verb,,,Present,Infinitive,Active,,,
7.1,τοῦ, ,Article,,Singular,,,,Masculine,Genitive,
7.1,σωτῆρος, ,Noun,,Singular,,,,Masculine,Genitive,
7.1,ἡμῶν, ,Pronoun,First,Plural,,,,Masculine,Genitive,
7.1,Ἰησοῦ, ,Noun,,Singular,,,,Masculine,Genitive,
7.1,Χριστοῦ, ,Adjective,,Singular,,,,Masculine,Genitive,
7.1,τὴν, ,Article,,Singular,,,,Feminine,Accusative,
7.1,ὑπὲρ, ,Adposition,,,,,,,,
7.1,τῶν, ,Article,,Plural,,,,Masculine,Genitive,
7.1,ἁμαρτιῶν, ,Noun,,Plural,,,,Masculine,Genitive,
7.1,ἡμῶν, ,Pronoun,First,Plural,,,,Masculine,Genitive,
7.1,παθοῦσαν,", ",Verb,,Singular,Aorist,Participle,Active,Feminine,Accusative,
7.1,ἣν, ,Pronoun,,Singular,,,,Feminine,Accusative,
7.1,τῇ, ,Article,,Singular,,,,Feminine,Dative,
7.1,χρηστότητι, ,Noun,,Singular,,,,Feminine,Dative,
7.1,ὁ, ,Article,,Singular,,,,Masculine,Nominative,
7.1,πατὴρ, ,Noun,,Singular,,,,Masculine,Nominative,
7.1,ἤγειρεν,. ,Verb,Third,Singular,Aorist,Indicative,Active,,,
7.1,οἱ, ,Article,,Plural,,,,Masculine,Nominative,
7.1,οὖν, ,Adverb,,,,,,,,
7.1,ἀντιλέγοντες, ,Verb,,Plural,Present,Participle,Active,Masculine,Nominative,
7.1,τῇ, ,Article,,Singular,,,,Feminine,Dative,
7.1,δωρεᾷ, ,Noun,,Singular,,,,Feminine,Dative,
7.1,τοῦ, ,Article,,Singular,,,,Masculine,Genitive,
7.1,θεοῦ, ,Noun,,Singular,,,,Masculine,Genitive,
7.1,συζητοῦντες, ,Verb,,Plural,Present,Participle,Active,Masculine,Nominative,
7.1,ἀποθνήσκουσιν,· ,Verb,Third,Plural,Present,Indicative,Active,,,
7.1,συνέφερεν, ,Verb,Third,Singular,Imperfect,Indicative,Active,,,
7.1,δὲ, ,Adverb,,,,,,,,
7.1,αὐτοῖς, ,Pronoun,,Plural,,,,Masculine,Dative,
7.1,ἀγαπᾶν,", ",Verb,,,Present,Infinitive,Active,,,
7.1,ἵνα, ,Conjunction,,,,,,,,
7.1,καὶ, ,Adverb,,,,,,,,
7.1,ἀναστῶσιν,. ,Verb,Third,Plural,Aorist,Subjunctive,Active,,,
7.1,πρέπον, ,Verb,,Singular,Present,Participle,Active,Neuter,Nominative,
7.1,ἐστὶν, ,Verb,Third,Singular,Present,Indicative,Active,,,
7.1,ἀπέχεσθαι, ,Verb,,,Present,Infinitive,Medio-passive,,,
7.2,τῶν, ,Article,,Plural,,,,Neuter,Genitive,
7.2,τοιούτων, ,Pronoun,,Plural,,,,Neuter,Genitive,
7.2,καὶ, ,Conjunction,,,,,,,,
7.2,μήτε, ,Adverb,,,,,,,,
7.2,κατ’, ,Adposition,,,,,,,,
7.2,ἰδίαν, ,Adjective,,Singular,,,,Feminine,Accusative,
7.2,περὶ, ,Adposition,,,,,,,,
7.2,αὐτῶν, ,Pronoun,,Plural,,,,Masculine,Genitive,
7.2,λαλεῖν, ,Verb,,,Present,Infinitive,Active,,,
7.2,μήτε, ,Conjunction,,,,,,,,
7.2,κοινῇ,", ",Adverb,,,,,,,,
7.2,προσέχειν, ,Verb,,,Present,Infinitive,Active,,,
7.2,δὲ, ,Adverb,,,,,,,,
7.2,τοῖς, ,Article,,Plural,,,,Masculine,Dative,
7.2,προφήταις,", ",Noun,,Plural,,,,Masculine,Dative,
7.2,ἐξαιρέτως, ,Adverb,,,,,,,,
7.2,δὲ, ,Conjunction,,,,,,,,
7.2,τῷ, ,Article,,Singular,,,,Masculine,Dative,
7.2,εὐαγγελίῳ,", ",Noun,,Singular,,,,Masculine,Dative,
7.2,ἐν, ,Adposition,,,,,,,,
7.2,ᾧ, ,Pronoun,,Singular,,,,Masculine,Dative,
7.2,τὸ, ,Article,,Singular,,,,Neuter,Nominative,
7.2,πάθος, ,Noun,,Singular,,,,Neuter,Nominative,
7.2,ἡμῖν, ,Pronoun,First,Plural,,,,Masculine,Dative,
7.2,δεδήλωται, ,Verb,Third,Singular,Perfect,Indicative,Medio-passive,,,
7.2,καὶ, ,Conjunction,,,,,,,,
7.2,ἡ, ,Article,,Singular,,,,Feminine,Nominative,
7.2,ἀνάστασις, ,Noun,,Singular,,,,Feminine,Nominative,
7.2,τετελείωται,. ,Verb,Third,Singular,Perfect,Indicative,Medio-passive,,,
7.2,τοὺς, ,Article,,Plural,,,,Masculine,Accusative,
7.2,δὲ, ,Adverb,,,,,,,,
7.2,μερισμοὺς, ,Noun,,Plural,,,,Masculine,Accusative,
7.2,φεύγετε, ,Verb,Second,Plural,Present,Indicative,Active,,,
7.2,ὡς, ,Adverb,,,,,,,,
7.2,ἀρχὴν, ,Noun,,Singular,,,,Feminine,Accusative,
7.2,κακῶν,. ,Adjective,,Plural,,,,Neuter,Genitive,
7.2,Πάντες, ,Adjective,,Plural,,,,Masculine,Nominative,
7.2,τῷ, ,Article,,Singular,,,,Masculine,Dative,
7.2,ἐπισκόπῳ, ,Noun,,Singular,,,,Masculine,Dative,
8.1,ἀκολουθεῖτε,", ",Verb,Second,Plural,Present,Imperative,Active,,,
8.1,ὡς, ,Conjunction,,,,,,,,
8.1,Ἰησοῦς, ,Noun,,Singular,,,,Masculine,Nominative,
8.1,Χριστὸς, ,Adjective,,Singular,,,,Masculine,Nominative,
8.1,τῷ, ,Article,,Singular,,,,Masculine,Dative,
8.1,πατρί,", ",Noun,,Singular,,,,Masculine,Dative,
8.1,καὶ, ,Conjunction,,,,,,,,
8.1,τῷ, ,Article,,Singular,,,,Masculine,Dative,
8.1,πρεσβυτερίῳ, ,Noun,,Singular,,,,Masculine,Dative,
8.1,ὡς, ,Adverb,,,,,,,,
8.1,τοῖς, ,Article,,Plural,,,,Masculine,Dative,
8.1,ἀποστόλοις,. ,Noun,,Plural,,,,Masculine,Dative,
8.1,τοὺς, ,Article,,Plural,,,,Masculine,Accusative,
8.1,δὲ, ,Adverb,,,,,,,,
8.1,διακόνους, ,Noun,,Plural,,,,Masculine,Accusative,
8.1,ἐντρέπεσθε, ,Verb,Second,Plural,Present,Indicative,Medio-passive,,,
8.1,ὡς, ,Conjunction,,,,,,,,
8.1,θεοῦ, ,Noun,,Singular,,,,Masculine,Genitive,
8.1,ἐντολήν,. ,Noun,,Singular,,,,Feminine,Accusative,
8.1,μηδεὶς, ,Pronoun,,Singular,,,,Masculine,Nominative,
8.1,χωρὶς, ,Adposition,,,,,,,,
8.1,τοῦ, ,Article,,Singular,,,,Masculine,Genitive,
8.1,ἐπισκόπου, ,Noun,,Singular,,,,Masculine,Genitive,
8.1,τι, ,Adjective,,Singular,,,,Neuter,Accusative,
8.1,πρασσέτω, ,Verb,Third,Singular,Present,Imperative,Active,,,
8.1,τῶν, ,Article,,Plural,,,,Masculine,Genitive,
8.1,ἀνηκόντων, ,Verb,,Plural,Present,Participle,Active,Masculine,Genitive,
8.1,εἰς, ,Adposition,,,,,,,,
8.1,τὴν, ,Article,,Singular,,,,Feminine,Accusative,
8.1,ἐκκλησίαν,. ,Noun,,Singular,,,,Feminine,Accusative,
8.1,ἐκείνη, ,Pronoun,,Singular,,,,Feminine,Nominative,
8.1,βεβαία, ,Adjective,,Singular,,,,Feminine,Nominative,
8.1,εὐχαριστία, ,Noun,,Singular,,,,Feminine,Nominative,
8.1,ἡγείσθω,", ",Verb,Third,Singular,Present,Imperative,Medio-passive,,,
8.1,ἡ, ,Article,,Singular,,,,Feminine,Nominative,
8.1,ὑπὸ, ,Adposition,,,,,,,,
8.1,ἐπίσκοπον, ,Noun,,Singular,,,,Masculine,Accusative,
8.1,οὖσα, ,Verb,,Singular,Present,Participle,Active,Feminine,Nominative,
8.1,ἢ, ,Conjunction,,,,,,,,
8.1,ᾧ, ,Pronoun,,Singular,,,,Masculine,Dative,
8.1,ἂν, ,Adverb,,,,,,,,
8.1,αὐτὸς, ,Pronoun,,Singular,,,,Masculine,Nominative,
8.1,ἐπιτρέψῃ,. ,Verb,Third,Singular,Aorist,Subjunctive,Active,,,
8.1,ὅπου, ,Adverb,,,,,,,,
8.1,ἂν, ,Adverb,,,,,,,,
8.1,φανῇ, ,Verb,Third,Singular,Aorist,Subjunctive,Active,,,
8.1,ὁ, ,Article,,Singular,,,,Masculine,Nominative,
8.1,ἐπίσκοπος,", ",Noun,,Singular,,,,Masculine,Nominative,
8.2,ἐκεῖ, ,Adverb,,,,,,,,
8.2,τὸ, ,Article,,Singular,,,,Neuter,Nominative,
8.2,πλῆθος, ,Noun,,Singular,,,,Neuter,Nominative,
8.2,ἤτω,", ",Adverb,,,,,,,,
8.2,ὥσπερ, ,Conjunction,,,,,,,,
8.2,ὅπου, ,Adverb,,,,,,,,
8.2,ἂν, ,Adverb,,,,,,,,
8.2,ᾖ, ,Verb,Third,Singular,Present,Subjunctive,Active,,,
8.2,Ἰησοῦς, ,Noun,,Singular,,,,Masculine,Nominative,
8.2,Χριστός,", ",Adjective,,Singular,,,,Masculine,Nominative,
8.2,ἐκεῖ, ,Adverb,,,,,,,,
8.2,ἡ, ,Article,,Singular,,,,Feminine,Nominative,
8.2,καθολικὴ, ,Adjective,,Singular,,,,Feminine,Nominative,
8.2,ἐκκλησία,. ,Noun,,Singular,,,,Feminine,Nominative,
8.2,οὐκ, ,Adverb,,,,,,,,
8.2,ἐξόν, ,Verb,,Singular,Present,Participle,Active,Neuter,Nominative,
8.2,ἐστιν, ,Verb,Third,Singular,Present,Indicative,Active,,,
8.2,χωρὶς, ,Adposition,,,,,,,,
8.2,τοῦ, ,Article,,Singular,,,,Masculine,Genitive,
8.2,ἐπισκόπου, ,Noun,,Singular,,,,Masculine,Genitive,
8.2,οὔτε, ,Adverb,,,,,,,,
8.2,βαπτίζειν, ,Verb,,,Present,Infinitive,Active,,,
8.2,οὔτε, ,Conjunction,,,,,,,,
8.2,ἀγάπην, ,Noun,,Singular,,,,Feminine,Accusative,
8.2,ποιεῖν,· ,Verb,,,Present,Infinitive,Active,,,
8.2,ἀλλ’, ,Adverb,,,,,,,,
8.2,ὃ, ,Article,,Singular,,,,Masculine,Nominative,
8.2,ἂν, ,Adverb,,,,,,,,
8.2,ἐκεῖνος, ,Pronoun,,Singular,,,,Masculine,Nominative,
8.2,δοκιμάσῃ,", ",Verb,Third,Singular,Aorist,Subjunctive,Active,,,
8.2,τοῦτο, ,Pronoun,,Singular,,,,Neuter,Accusative,
8.2,καὶ, ,Adverb,,,,,,,,
8.2,τῷ, ,Article,,Singular,,,,Masculine,Dative,
8.2,θεῷ, ,Noun,,Singular,,,,Masculine,Dative,
8.2,εὐάρεστον,", ",Adjective,,Singular,,,,Neuter,Accusative,
8.2,ἵνα, ,Conjunction,,,,,,,,
8.2,ἀσφαλὲς, ,Adjective,,Singular,,,,Neuter,Nominative,
8.2,ᾖ, ,Verb,Third,Singular,Present,Subjunctive,Active,,,
8.2,καὶ, ,Conjunction,,,,,,,,
8.2,βέβαιον, ,Adjective,,Singular,,,,Neuter,Nominative,
8.2,πᾶν, ,Adjective,,Singular,,,,Neuter,Accusative,
8.2,ὃ, ,Pronoun,,Singular,,,,Neuter,Accusative,
8.2,πράσσετε,. ,Verb,Second,Plural,Present,Indicative,Active,,,
8.2,Εὔλογόν, ,Adjective,,Singular,,,,Neuter,Nominative,
8.2,ἐστιν, ,Verb,Third,Singular,Present,Indicative,Active,,,
8.2,λοιπὸν, ,Adjective,,Singular,,,,Neuter,Nominative,
9.1,ἀνανῆψαι, ,Verb,,,Aorist,Infinitive,Active,,,
9.1,ἡμᾶς,", ",Pronoun,First,Plural,,,,Masculine,Accusative,
9.1,ὡς, ,Conjunction,,,,,,,,
9.1,ἔτι, ,Adverb,,,,,,,,
9.1,καιρὸν, ,Noun,,Singular,,,,Masculine,Accusative,
9.1,ἔχομεν, ,Verb,First,Plural,Present,Indicative,Active,,,
9.1,εἰς, ,Adposition,,,,,,,,
9.1,θεὸν, ,Noun,,Singular,,,,Masculine,Accusative,
9.1,μετανοεῖν,. ,Verb,,,Present,Infinitive,Active,,,
9.1,καλῶς, ,Adverb,,,,,,,,
9.1,ἔχει,", ",Verb,Third,Singular,Present,Indicative,Active,,,
9.1,θεὸν, ,Noun,,Singular,,,,Masculine,Accusative,
9.1,καὶ, ,Conjunction,,,,,,,,
9.1,ἐπίσκοπον, ,Noun,,Singular,,,,Masculine,Accusative,
9.1,εἰδέναι,. ,Verb,,,Perfect,Infinitive,Active,,,
9.1,ὁ, ,Article,,Singular,,,,Masculine,Nominative,
9.1,τιμῶν, ,Verb,,Singular,Present,Participle,Active,Masculine,Nominative,
9.1,ἐπίσκοπον, ,Noun,,Singular,,,,Masculine,Accusative,
9.1,ὑπὸ, ,Adposition,,,,,,,,
9.1,θεοῦ, ,Noun,,Singular,,,,Masculine,Genitive,
9.1,τετίμηται,· ,Verb,Third,Singular,Perfect,Indicative,Medio-passive,,,
9.1,ὁ, ,Article,,Singular,,,,Masculine,Nominative,
9.1,λάθρα, ,Adverb,,,,,,,,
9.1,ἐπισκόπου, ,Noun,,Singular,,,,Masculine,Genitive,
9.1,τι, ,Pronoun,,Singular,,,,Neuter,Accusative,
9.1,πράσσων, ,Verb,,Singular,Present,Participle,Active,Masculine,Nominative,
9.1,τῷ, ,Article,,Singular,,,,Masculine,Dative,
9.1,διαβόλῳ, ,Noun,,Singular,,,,Masculine,Dative,
9.1,λατρεύει,. ,Verb,Third,Singular,Present,Indicative,Active,,,
9.1,πάντα, ,Adjective,,Plural,,,,Neuter,Accusative,
9.1,οὖν, ,Adverb,,,,,,,,
9.1,ὑμῖν, ,Pronoun,Second,Plural,,,,Masculine,Dative,
9.1,ἐν, ,Adposition,,,,,,,,
9.1,χάριτι, ,Noun,,Singular,,,,Feminine,Dative,
9.2,περισσευέτω,· ,Verb,Third,Singular,Present,Imperative,Active,,,
9.2,ἄξιοι, ,Adjective,,Plural,,,,Masculine,Nominative,
9.2,γάρ, ,Adverb,,,,,,,,
9.2,ἐστε,. ,Verb,Second,Plural,Present,Indicative,Active,,,
9.2,κατὰ, ,Adposition,,,,,,,,
9.2,πάντα, ,Adjective,,Plural,,,,Neuter,Accusative,
9.2,με, ,Pronoun,First,Singular,,,,Masculine,Accusative,
9.2,ἀνεπαύσατε,", ",Verb,Second,Plural,Aorist,Indicative,Active,,,
9.2,καὶ, ,Conjunction,,,,,,,,
9.2,ὑμᾶς, ,Pronoun,Second,Plural,,,,Masculine,Accusative,
9.2,Ἰησοῦς, ,Noun,,Singular,,,,Masculine,Nominative,
9.2,Χριστός,. ,Adjective,,Singular,,,,Masculine,Nominative,
9.2,ἀπόντα, ,Verb,,Singular,Present,Participle,Active,Masculine,Accusative,
9.2,με, ,Pronoun,First,Singular,,,,Masculine,Accusative,
9.2,καὶ, ,Adverb,,,,,,,,
9.2,πάροντα, ,Verb,,Singular,Present,Participle,Active,Masculine,Accusative,
9.2,ἠγαπήσατε,. ,Verb,Second,Plural,Aorist,Indicative,Active,,,
9.2,ἀμοιβὴ, ,Noun,,Singular,,,,Feminine,Nominative,
9.2,ὑμῖν, ,Pronoun,Second,Plural,,,,Masculine,Dative,
9.2,ὁ, ,Article,,Singular,,,,Masculine,Nominative,
9.2,θεός,", ",Noun,,Singular,,,,Masculine,Nominative,
9.2,δι’, ,Adposition,,,,,,,,
9.2,ὃν, ,Pronoun,,Singular,,,,Masculine,Accusative,
9.2,πάντα, ,Adjective,,Plural,,,,Masculine,Accusative,
9.2,ὑπομένοντες, ,Verb,,Plural,Present,Participle,Active,Masculine,Nominative,
9.2,αὐτοῦ, ,Pronoun,,Singular,,,,Masculine,Genitive,
9.2,τεύξεσθε,. ,Verb,Second,Plural,Future,Indicative,Middle,,,
9.2,Φίλωνα, ,Noun,,Singular,,,,Masculine,Accusative,
9.2,καὶ, ,Conjunction,,,,,,,,
9.2,Ῥέον, ,Verb,,Singular,Present,Participle,Active,Masculine,Accusative,
9.2,Ἀγαθόπουν,", ",Adjective,,Plural,,Indicative,,,,
10.1,οἳ, ,Pronoun,,Plural,,,,Masculine,Nominative,
10.1,ἐπηκολούθησάν, ,Verb,Third,Plural,Aorist,Indicative,Passive,,,
10.1,μοι, ,Pronoun,First,Singular,,,,Masculine,Dative,
10.1,εἰς, ,Adposition,,,,,,,,
10.1,λόγον, ,Noun,,Singular,,,,Masculine,Accusative,
10.1,θεοῦ,", ",Noun,,Singular,,,,Masculine,Genitive,
10.1,καλῶς, ,Adverb,,,,,,,,
10.1,ἐποιήσατε, ,Verb,Second,Plural,Aorist,Indicative,Active,,,
10.1,ὑποδεξάμενοι, ,Verb,,Plural,Aorist,Participle,Middle,Masculine,Nominative,
10.1,ὡς, ,Adverb,,,,,,,,
10.1,διακόνους, ,Noun,,Plural,,,,Masculine,Accusative,
10.1,θεοῦ,· ,Noun,,Singular,,,,Masculine,Genitive,
10.1,οἳ, ,Article,,Plural,,,,Masculine,Nominative,
10.1,καὶ, ,Adverb,,,,,,,,
10.1,εὐχαριστοῦσιν, ,Verb,Third,Plural,Present,Indicative,Active,,,
10.1,τῷ, ,Article,,Singular,,,,Masculine,Dative,
10.1,κυρίῳ, ,Noun,,Singular,,,,Masculine,Dative,
10.1,ὑπὲρ, ,Adposition,,,,,,,,
10.1,ὑμῶν,", ",Pronoun,,Plural,,,,Masculine,Genitive,
10.1,ὅτι, ,Conjunction,,,,,,,,
10.1,αὐτοὺς, ,Pronoun,,Plural,,,,Masculine,Accusative,
10.1,ἀνεπαύσατε, ,Verb,Second,Plural,Aorist,Indicative,Active,,,
10.1,κατὰ, ,Adposition,,,,,,,,
10.1,πάντα, ,Adjective,,Singular,,,,Masculine,Accusative,
10.1,τρόπον,. ,Noun,,Singular,,,,Masculine,Accusative,
10.1,οὐδὲν, ,Pronoun,,Singular,,,,Neuter,Nominative,
10.1,ὑμῖν, ,Pronoun,Second,Plural,,,,Masculine,Dative,
10.1,οὐ, ,Adverb,,,,,,,,
10.1,μὴ, ,Adverb,,,,,,,,
10.1,ἀπολεῖται,. ,Verb,Third,Singular,Future,Indicative,Medio-passive,,,
10.1,ἀντίψυχον, ,Adjective,,Singular,,,,Neuter,Nominative,
10.1,ὑμῶν, ,Pronoun,Second,Plural,,,,Masculine,Genitive,
10.1,τὸ, ,Article,,Singular,,,,Neuter,Nominative,
10.1,πνεῦμά, ,Noun,,Singular,,,,Neuter,Nominative,
10.2,μου, ,Pronoun,First,Singular,,,,Masculine,Genitive,
10.2,καὶ, ,Conjunction,,,,,,,,
10.2,τὰ, ,Article,,Plural,,,,Neuter,Nominative,
10.2,δεσμά, ,Noun,,Plural,,,,Neuter,Accusative,
10.2,μου,", ",Pronoun,First,Singular,,,,Masculine,Genitive,
10.2,ἃ, ,Pronoun,,Plural,,,,Neuter,Accusative,
10.2,οὐχ, ,Adverb,,,,,,,,
10.2,ὑπερηφανήσατε, ,Verb,Second,Plural,Aorist,Indicative,Active,,,
10.2,οὐδὲ, ,Conjunction,,,,,,,,
10.2,ἐπῃσχύνθητε,. ,Verb,Second,Plural,Aorist,Indicative,Passive,,,
10.2,οὐδὲ, ,Adverb,,,,,,,,
10.2,ὑμᾶς, ,Pronoun,Second,Plural,,,,Masculine,Accusative,
10.2,ἐπαισχυνθήσεται, ,Verb,Third,Singular,Future,Indicative,Passive,,,
10.2,ἡ, ,Article,,Singular,,,,Feminine,Nominative,
10.2,τελεία, ,Adjective,,Singular,,,,Feminine,Nominative,
10.2,ἐλπίς,", ",Noun,,Singular,,,,Feminine,Nominative,
10.2,Ἰησοῦς, ,Noun,,Singular,,,,Feminine,Nominative,
10.2,Χριστός,. ,Adjective,,Singular,,,,Feminine,Nominative,
10.2,Ἡ, ,Article,,Singular,,,,Feminine,Nominative,
10.2,προσευχὴ, ,Noun,,Singular,,,,Feminine,Nominative,
10.2,ὑμῶν, ,Pronoun,Second,Plural,,,,Masculine,Genitive,
10.2,ἀπῆλθεν, ,Verb,Third,Singular,Aorist,Indicative,Active,,,
10.2,ἐπὶ, ,Adposition,,,,,,,,
11.1,τὴν, ,Article,,Singular,,,,Feminine,Accusative,
11.1,ἐκκλησίαν, ,Noun,,Singular,,,,Feminine,Accusative,
11.1,τὴν, ,Article,,Singular,,,,Feminine,Accusative,
11.1,ἐν, ,Adposition,,,,,,,,
11.1,Ἀντιοχείᾳ, ,Noun,,Singular,,,,Feminine,Dative,
11.1,τῆς, ,Article,,Singular,,,,Feminine,Genitive,
11.1,Συρίας,", ",Noun,,Singular,,,,Feminine,Genitive,
11.1,ὅθεν, ,Adverb,,,,,,,,
11.1,δεδεμένος, ,Verb,,Singular,Perfect,Participle,Medio-passive,Masculine,Nominative,
11.1,θεοπρεπεστάτοις, ,Adjective,,Plural,,,,Masculine,Dative,Superlative
11.1,δεσμοῖς, ,Noun,,Plural,,,,Masculine,Dative,
11.1,πάντας, ,Adjective,,Plural,,,,Masculine,Accusative,
11.1,ἀσπάζομαι,", ",Verb,First,Singular,Present,Indicative,Medio-passive,,,
11.1,οὐκ, ,Adverb,,,,,,,,
11.1,ὢν, ,Verb,,Singular,Present,Participle,Active,Masculine,Nominative,
11.1,ἄξιος, ,Adjective,,Singular,,,,Masculine,Nominative,
11.1,ἐκεῖθεν, ,Adverb,,,,,,,,
11.1,εἶναι,", ",Verb,,,Present,Infinitive,Active,,,
11.1,ἔσχατος, ,Adjective,,Singular,,,,Masculine,Nominative,
11.1,αὐτῶν, ,Pronoun,,Plural,,,,Masculine,Genitive,
11.1,ὤν,· ,Verb,,Singular,Present,Participle,Active,Masculine,Nominative,
11.1,κατὰ, ,Adposition,,,,,,,,
11.1,θέλημα, ,Noun,,Singular,,,,Neuter,Accusative,
11.1,δὲ, ,Adverb,,,,,,,,
11.1,κατηξιώθην,", ",Verb,First,Singular,Aorist,Indicative,Passive,,,
11.1,οὐκ, ,Adverb,,,,,,,,
11.1,ἐκ, ,Adposition,,,,,,,,
11.1,συνειδότος, ,Verb,,Singular,Perfect,Participle,Active,Neuter,Genitive,
11.1,ἀλλ’, ,Conjunction,,,,,,,,
11.1,ἐκ, ,Adposition,,,,,,,,
11.1,χάριτος, ,Noun,,Singular,,,,Feminine,Genitive,
11.1,θεοῦ,· ,Noun,,Singular,,,,Masculine,Genitive,
11.1,ἣν, ,Pronoun,,Singular,,,,Feminine,Accusative,
11.1,εὔχομαι, ,Verb,First,Singular,Present,Indicative,Medio-passive,,,
11.1,τελείαν, ,Noun,,Singular,,,,Feminine,Accusative,
11.1,μοι, ,Pronoun,First,Singular,,,,Masculine,Dative,
11.1,δοθῆναι,", ",Verb,,,Aorist,Infinitive,Passive,,,
11.1,ἵνα, ,Conjunction,,,,,,,,
11.1,ἐν, ,Adposition,,,,,,,,
11.1,τῇ, ,Article,,Singular,,,,Feminine,Dative,
11.1,προσευχῇ, ,Verb,Second,Singular,Aorist,Subjunctive,Active,,Dative,
11.1,ὑμῶν, ,Pronoun,Second,Plural,,,,Masculine,Genitive,
11.1,θεοῦ, ,Noun,,Singular,,,,Masculine,Genitive,
11.1,ἐπιτύχω,. ,Verb,First,Singular,Aorist,Subjunctive,Active,,,
11.1,ἵνα, ,Conjunction,,,,,,,,
11.1,οὖν, ,Adverb,,,,,,,,
11.1,ὑμῶν, ,Pronoun,Second,Plural,,,,Masculine,Genitive,
11.1,τέλειον, ,Adjective,,Singular,,,,Neuter,Nominative,
11.1,γένηται, ,Verb,Third,Singular,Aorist,Subjunctive,Middle,,,
11.2,τὸ, ,Article,,Singular,,,,Neuter,Nominative,
11.2,ἔργον, ,Noun,,Singular,,,,Neuter,Nominative,
11.2,καὶ, ,Adverb,,,,,,,,
11.2,ἐπὶ, ,Adposition,,,,,,,,
11.2,γῆς, ,Noun,,Singular,,,,Feminine,Genitive,
11.2,καὶ, ,Conjunction,,,,,,,,
11.2,ἐν, ,Adposition,,,,,,,,
11.2,οὐρανῷ,", ",Noun,,Singular,,,,Masculine,Dative,
11.2,πρέπει, ,Verb,Third,Singular,Present,Indicative,Active,,,
11.2,εἰς, ,Adposition,,,,,,,,
11.2,τιμὴν, ,Noun,,Singular,,,,Feminine,Accusative,
11.2,θεοῦ, ,Noun,,Singular,,,,Masculine,Genitive,
11.2,χειροτονῆσαι, ,Verb,,,Aorist,Infinitive,Active,,,
11.2,τὴν, ,Article,,Singular,,,,Feminine,Accusative,
11.2,ἐκκλησίαν, ,Noun,,Singular,,,,Feminine,Accusative,
11.2,ὑμῶν, ,Pronoun,Second,Plural,,,,Masculine,Genitive,
11.2,θεοπρεσβεύτην,", ",Noun,,Singular,,,,Masculine,Accusative,
11.2,εἰς, ,Adposition,,,,,,,,
11.2,τὸ, ,Article,,Singular,,,,Neuter,Accusative,
11.2,γενόμενον, ,Verb,,Singular,Aorist,Participle,Middle,Neuter,Accusative,
11.2,ἐν, ,Adposition,,,,,,,,
11.2,Συρίᾳ, ,Noun,,Singular,,,,Feminine,Dative,
11.2,συγχαρῆναι, ,Verb,,,Aorist,Infinitive,Passive,,,
11.2,αὐτοῖς,", ",Pronoun,,Plural,,,,Masculine,Dative,
11.2,ὅτι, ,Conjunction,,,,,,,,
11.2,εἰρηνεύουσιν, ,Verb,Third,Plural,Present,Indicative,Active,,,
11.2,καὶ, ,Conjunction,,,,,,,,
11.2,ἀπέλαβον, ,Verb,Third,Plural,Aorist,Indicative,Active,,,
11.2,τὸ, ,Article,,Singular,,,,Neuter,Accusative,
11.2,ἴδιον, ,Adjective,,Singular,,,,Neuter,Accusative,
11.2,μέγεθος, ,Noun,,Singular,,,,Neuter,Accusative,
11.2,καὶ, ,Conjunction,,,,,,,,
11.2,ἀπεκατεστάθη, ,Verb,Third,Singular,Aorist,Indicative,Passive,,,
11.2,αὐτοῖς, ,Pronoun,,Plural,,,,Masculine,Dative,
11.2,τὸ, ,Article,,Singular,,,,Neuter,Nominative,
11.2,ἴδιον, ,Adjective,,Singular,,,,Neuter,Nominative,
11.2,σωματεῖον,. ,Noun,,Singular,,,,Neuter,Nominative,
11.2,ἐφάνη, ,Verb,Third,Singular,Aorist,Indicative,Passive,,,
11.2,μοι, ,Pronoun,First,Singular,,,,Masculine,Dative,
11.2,οὖν, ,Adverb,,,,,,,,
11.2,θεοῦ, ,Noun,,Singular,,,,Masculine,Genitive,
11.2,ἄξιον, ,Adjective,,Singular,,,,Neuter,Nominative,
11.2,πρᾶγμα,", ",Noun,,Singular,,,,Neuter,Nominative,
11.3,πέμψαι, ,Verb,Second,,Aorist,Infinitive,Active,,,
11.3,τινὰ, ,Pronoun,,Singular,,,,Masculine,Accusative,
11.3,τῶν, ,Article,,Plural,,,,Masculine,Genitive,
11.3,ὑμετέρων, ,Adjective,,Plural,,,,Masculine,Genitive,
11.3,μετ’, ,Adposition,,,,,,,,
11.3,ἐπιστολῆς,", ",Noun,,Singular,,,,Feminine,Genitive,
11.3,ἵνα, ,Conjunction,,,,,,,,
11.3,συνδοξάσῃ, ,Verb,Third,Singular,Aorist,Subjunctive,Active,,,
11.3,τὴν, ,Article,,Singular,,,,Feminine,Accusative,
11.3,κατὰ, ,Adposition,,,,,,,,
11.3,θεὸν, ,Noun,,Singular,,,,Masculine,Accusative,
11.3,αὐτοῖς, ,Pronoun,,Plural,,,,Masculine,Dative,
11.3,γενομένην, ,Verb,,Singular,Aorist,Participle,Middle,Feminine,Accusative,
11.3,εὐδίαν,", ",Noun,,Singular,,,,Feminine,Accusative,
11.3,καὶ, ,Conjunction,,,,,,,,
11.3,ὅτι, ,Conjunction,,,,,,,,
11.3,λιμένος, ,Noun,,Singular,,,,Masculine,Genitive,
11.3,ἤδη, ,Adverb,,,,,,,,
11.3,ἐτύγχανον, ,Verb,Third,Plural,Imperfect,Indicative,Active,,,
11.3,τῇ, ,Article,,Singular,,,,Feminine,Dative,
11.3,προσευχῇ, ,Verb,Second,Singular,,,Active,,Dative,
11.3,ὑμῶν,. ,Pronoun,Second,Plural,,,,Masculine,Genitive,
11.3,τέλειοι, ,Adjective,,Plural,,,,Masculine,Nominative,
11.3,ὄντες, ,Verb,,Plural,Present,Participle,Active,Masculine,Nominative,
11.3,τέλεια, ,Adjective,,Plural,,,,Neuter,Accusative,
11.3,καὶ, ,Conjunction,,,,,,,,
11.3,φρονεῖτε,. ,Verb,Second,Plural,Present,Imperative,Active,,,
11.3,θέλουσιν, ,Verb,Third,Plural,Present,Indicative,Active,,,
11.3,γὰρ, ,Adverb,,,,,,,,
11.3,ὑμῖν, ,Pronoun,Second,Plural,,,,Masculine,Dative,
11.3,εὖ, ,Adverb,,,,,,,,
11.3,πράσσειν, ,Verb,,,Present,Infinitive,Active,,,
11.3,θεὸς, ,Noun,,Singular,,,,Masculine,Nominative,
11.3,ἕτοιμος, ,Adjective,,Singular,,,,Masculine,Nominative,
11.3,εἰς, ,Adposition,,,,,,,,
11.3,τὸ, ,Article,,Singular,,,,Neuter,Accusative,
11.3,παρέχειν,. ,Verb,,,Present,Infinitive,Active,,,
11.3,Ἀσπάζεται, ,Verb,Third,Singular,Present,Indicative,Medio-passive,,,
11.3,ὑμᾶς, ,Pronoun,Second,Plural,,,,Masculine,Accusative,
11.3,ἡ, ,Article,,Singular,,,,Feminine,Nominative,
11.3,ἀγάπη, ,Noun,,Singular,,,,Feminine,Nominative,
11.3,τῶν, ,Article,,Plural,,,,Masculine,Genitive,
11.3,ἀδελφῶν, ,Noun,,Plural,,,,Masculine,Genitive,
12.1,τῶν, ,Article,,Plural,,,,Masculine,Genitive,
12.1,ἐν, ,Adposition,,,,,,,,
12.1,Τρωάδι,", ",Noun,,Singular,,,,Feminine,Dative,
12.1,ὅθεν, ,Adverb,,,,,,,,
12.1,καὶ, ,Adverb,,,,,,,,
12.1,γράφω, ,Verb,First,Singular,Present,Indicative,Active,,,
12.1,ὑμῖν, ,Pronoun,Second,Plural,,,,Masculine,Dative,
12.1,διὰ, ,Adposition,,,,,,,,
12.1,Βούρρου,", ",Noun,,Singular,,,,Masculine,Genitive,
12.1,ὃν, ,Pronoun,,Singular,,,,Masculine,Accusative,
12.1,ἀπεστείλατε, ,Verb,Second,Plural,Aorist,Indicative,Active,,,
12.1,μετ’, ,Adposition,,,,,,,,
12.1,ἐμοῦ, ,Pronoun,First,Singular,,,,Masculine,Genitive,
12.1,ἅμα, ,Adverb,,,,,,,,
12.1,Ἐφεσίοις,", ",Noun,,Plural,,,,Masculine,Dative,
12.1,τοῖς, ,Article,,Plural,,,,Masculine,Dative,
12.1,ἀδελφοῖς, ,Noun,,Plural,,,,Masculine,Dative,
12.1,ὑμῶν,", ",Pronoun,Second,Plural,,,,Masculine,Genitive,
12.1,ὃς, ,Pronoun,,Singular,,,,Masculine,Nominative,
12.1,κατὰ, ,Adposition,,,,,,,,
12.1,πάντα, ,Adjective,,Plural,,,,Neuter,Accusative,
12.1,με, ,Pronoun,First,Singular,,,,Masculine,Accusative,
12.1,ἀνέπαυσεν,. ,Verb,Third,Singular,Aorist,Indicative,Active,,,
12.1,καὶ, ,Adverb,,,,,,,,
12.1,ὄφελον, ,Verb,First,Plural,Aorist,Indicative,Active,,,
12.1,πάντες, ,Adjective,,Plural,,,,Masculine,Nominative,
12.1,αὐτὸν, ,Pronoun,,Singular,,,,Masculine,Accusative,
12.1,ἐμιμοῦντο,", ",Verb,Third,Plural,Imperfect,Indicative,Medio-passive,,,
12.1,ὄντα, ,Verb,,Singular,Present,Participle,Active,Masculine,Accusative,
12.1,ἐξεμπλάριον, ,Adjective,,Singular,,,,Masculine,Accusative,
12.1,θεοῦ, ,Noun,,Singular,,,,Masculine,Genitive,
12.1,διακονίας,. ,Noun,,Singular,,,,Feminine,Genitive,
12.1,ἀμείψεται, ,Verb,Third,Singular,Future,Indicative,Middle,,,
12.1,αὐτὸν, ,Pronoun,,Singular,,,,Masculine,Accusative,
12.1,ἡ, ,Article,,Singular,,,,Feminine,Nominative,
12.1,χάρις, ,Noun,,Singular,,,,Feminine,Nominative,
12.1,κατὰ, ,Adposition,,,,,,,,
12.1,πάντα,. ,Adjective,,Singular,,,,Neuter,Accusative,
12.1,ἀσπάζομαι, ,Verb,First,Singular,Present,Indicative,Medio-passive,,,
12.1,τὸν, ,Article,,Singular,,,,Masculine,Accusative,
12.1,ἀξιόθεον, ,Adjective,,Singular,,,,Masculine,Accusative,
12.1,ἐπίσκοπον, ,Noun,,Singular,,,,Masculine,Accusative,
12.2,καὶ, ,Adverb,,,,,,,,
12.2,θεοπρεπὲς, ,Adjective,,Singular,,,,Masculine,Accusative,
12.2,πρεσβυτέριον, ,Noun,,Singular,,,,Masculine,Accusative,
12.2,καὶ, ,Conjunction,,,,,,,,
12.2,τοὺς, ,Article,,Plural,,,,Masculine,Accusative,
12.2,συνδούλους, ,Noun,,Plural,,,,Masculine,Accusative,
12.2,μου, ,Pronoun,First,Singular,,,,Masculine,Genitive,
12.2,διακόνους, ,Noun,,Plural,,,,Masculine,Accusative,
12.2,καὶ, ,Conjunction,,,,,,,,
12.2,τοὺς, ,Article,,Plural,,,,Masculine,Accusative,
12.2,κατ’, ,Adposition,,,,,,,,
12.2,ἄνδρα, ,Noun,,Singular,,,,Masculine,Accusative,
12.2,καὶ, ,Conjunction,,,,,,,,
12.2,κοινῇ, ,Adverb,,,,,,,,
12.2,πάντας, ,Adjective,,Plural,,,,Masculine,Accusative,
12.2,ἐν, ,Adposition,,,,,,,,
12.2,ὀνόματι, ,Noun,,Singular,,,,Neuter,Dative,
12.2,Ἰησοῦ, ,Noun,,Singular,,,,Neuter,Genitive,
12.2,Χριστοῦ, ,Adjective,,Singular,,,,Neuter,Genitive,
12.2,καὶ, ,Conjunction,,,,,,,,
12.2,τῇ, ,Article,,Singular,,,,Feminine,Dative,
12.2,σαρκὶ, ,Noun,,Singular,,,,Feminine,Dative,
12.2,αὐτοῦ, ,Pronoun,,Singular,,,,Masculine,Genitive,
12.2,καὶ, ,Conjunction,,,,,,,,
12.2,τῷ, ,Article,,Singular,,,,Neuter,Dative,
12.2,αἵματι,", ",Noun,,Singular,,,,Neuter,Dative,
12.2,πάθει, ,Noun,,Singular,,,,Neuter,Dative,
12.2,τε, ,Adverb,,,,,,,,
12.2,καὶ, ,Conjunction,,,,,,,,
12.2,ἀναστάσει, ,Noun,,Singular,,,,Feminine,Dative,
12.2,σαρκικῇ, ,Adjective,,Singular,,,,Feminine,Dative,
12.2,τε, ,Adverb,,,,,,,,
12.2,καὶ, ,Conjunction,,,,,,,,
12.2,πνευματικῇ,", ",Adjective,,Singular,,,,Feminine,Dative,
12.2,ἐν, ,Adposition,,,,,,,,
12.2,ἑνότητι, ,Noun,,Singular,,,,Feminine,Dative,
12.2,θεοῦ, ,Noun,,Singular,,,,Masculine,Genitive,
12.2,καὶ, ,Conjunction,,,,,,,,
12.2,ὑμῶν,. ,Pronoun,Second,Plural,,,,Masculine,Genitive,
12.2,χάρις, ,Noun,,Singular,,,,Feminine,Nominative,
12.2,ὑμῖν,", ",Pronoun,Second,Plural,,,,Masculine,Dative,
12.2,ἔλεος,", ",Noun,,Singular,,,,Neuter,Genitive,
12.2,εἰρήνη,", ",Noun,,Singular,,,,Feminine,Nominative,
12.2,ὑπομονὴ, ,Noun,,Singular,,,,Feminine,Nominative,
12.2,διὰ, ,Adposition,,,,,,,,
12.2,παντός,. ,Adjective,,Singular,,,,Neuter,Genitive,
12.2,Ἀσπάζομαι, ,Verb,First,Singular,Present,Indicative,Medio-passive,,,
12.2,τοὺς, ,Article,,Plural,,,,Masculine,Accusative,
12.2,οἴκους, ,Noun,,Plural,,,,Masculine,Accusative,
12.2,τῶν, ,Article,,Plural,,,,Masculine,Genitive,
12.2,ἀδελφῶν, ,Noun,,Plural,,,,Masculine,Genitive,
13.1,μου, ,Pronoun,First,Singular,,,,Masculine,Genitive,
13.1,σὺν, ,Adposition,,,,,,,,
13.1,γυναιξὶ, ,Noun,,Plural,,,,Feminine,Dative,
13.1,καὶ, ,Adverb,,,,,,,,
13.1,τέκνοις, ,Noun,,Plural,,,,Neuter,Dative,
13.1,καὶ, ,Conjunction,,,,,,,,
13.1,τὰς, ,Article,,Plural,,,,Feminine,Accusative,
13.1,παρθένους, ,Noun,,Plural,,,,Feminine,Accusative,
13.1,τὰς, ,Article,,Plural,,,,Feminine,Accusative,
13.1,λεγομένας, ,Verb,,Plural,Present,Participle,Medio-passive,Feminine,Accusative,
13.1,χήρας,. ,Noun,,Plural,,,,Feminine,Accusative,
13.1,ἔρρωσθέ, ,Verb,Second,Plural,Present,Imperative,Medio-passive,,,
13.1,μοι, ,Pronoun,First,Singular,,,,Masculine,Dative,
13.1,ἐν, ,Adposition,,,,,,,,
13.1,δυνάμει, ,Noun,,Singular,,,,Feminine,Dative,
13.1,πατρός,. ,Noun,,Singular,,,,Masculine,Genitive,
13.1,ἀσπάζεται, ,Verb,Third,Singular,Present,Indicative,Medio-passive,,,
13.1,ὑμᾶς, ,Pronoun,Second,Plural,,,,Masculine,Accusative,
13.1,Φίλων, ,Adjective,,Plural,,,,Masculine,Genitive,
13.1,σὺν, ,Adposition,,,,,,,,
13.1,ἐμοὶ, ,Pronoun,First,Singular,,,,Masculine,Dative,
13.1,ὤν,. ,Verb,,Singular,Present,Participle,Active,Masculine,Nominative,
13.1,ἀσπάζομαι, ,Verb,First,Singular,Present,Indicative,Medio-passive,,,
13.1,τὸν, ,Article,,Singular,,,,Masculine,Accusative,
13.1,οἶκον, ,Noun,,Singular,,,,Masculine,Accusative,
13.1,Ταουΐας,", ",Noun,,Singular,,,,Feminine,Genitive,
13.1,ἣν, ,Pronoun,,Singular,,,,Feminine,Accusative,
13.1,εὔχομαι, ,Verb,First,Singular,Present,Indicative,Medio-passive,,,
13.2,ἑδρᾶσθαι, ,Verb,,,Present,Infinitive,Medio-passive,,,
13.2,πίστει, ,Noun,,Singular,,,,Feminine,Dative,
13.2,καὶ, ,Conjunction,,,,,,,,
13.2,ἀγάπῃ, ,Noun,,Singular,,,,Feminine,Dative,
13.2,σαρκικῇ, ,Adjective,,Singular,,,,Feminine,Dative,
13.2,τε, ,Adverb,,,,,,,,
13.2,καὶ, ,Conjunction,,,,,,,,
13.2,πνευματικῇ,. ,Adjective,,Singular,,,,Feminine,Dative,
13.2,ἀσπάζομαι, ,Verb,First,Singular,Present,Indicative,Medio-passive,,,
13.2,Ἄλκην,", ",Noun,,Singular,,,,Feminine,Accusative,
13.2,τὸ, ,Article,,Singular,,,,Neuter,Accusative,
13.2,ποθητόν, ,Adjective,,Singular,,,,Neuter,Accusative,
13.2,μοι, ,Pronoun,First,Singular,,,,Masculine,Dative,
13.2,ὄνομα,", ",Noun,,Singular,,,,Neuter,Accusative,
13.2,καὶ, ,Conjunction,,,,,,,,
13.2,Δάφνον, ,Noun,,Singular,,,,Masculine,Accusative,
13.2,τὸν, ,Article,,Singular,,,,Masculine,Accusative,
13.2,ἀσύγκριτον, ,Adjective,,Singular,,,,Masculine,Accusative,
13.2,καὶ, ,Adverb,,,,,,,,
13.2,Εὔτεκνον, ,Adjective,,Singular,,,,Masculine,Accusative,
13.2,καὶ, ,Conjunction,,,,,,,,
13.2,πάντας, ,Adjective,,Plural,,,,Masculine,Accusative,
13.2,κατ’, ,Adposition,,,,,,,,
13.2,ὄνομα,. ,Noun,,Singular,,,,Neuter,Accusative,
13.2,ἔρρωσθε, ,Verb,Second,Plural,Present,Imperative,Medio-passive,,,
13.2,ἐν, ,Adposition,,,,,,,,
13.2,χάριτι, ,Noun,,Singular,,,,Feminine,Dative,
13.2,θεοῦ,. ,Noun,,Singular,,,,Masculine,Genitive,
